pipeline,group_type,group,n_evaluations,pa_accuracy,criterion_accuracy,errors,mean_cost_usd,cases_escalated
gpt,challenge_tag,ambiguity,3,0.666667,0.866667,1,0.014538,0
gpt,challenge_tag,basic_positive,6,1.0,1.0,0,0.014728,0
gpt,challenge_tag,below_bmi_threshold,3,1.0,1.0,0,0.016241,0
gpt,challenge_tag,bmi_alone,3,1.0,1.0,0,0.016339,0
gpt,challenge_tag,bmi_failure,3,1.0,1.0,0,0.015155,0
gpt,challenge_tag,bmi_plus_comorbidity,6,1.0,1.0,0,0.015621,0
gpt,challenge_tag,condition_ambiguity,3,1.0,1.0,0,0.017329,0
gpt,challenge_tag,condition_status,3,1.0,1.0,0,0.015395,0
gpt,challenge_tag,continuity,3,0.666667,0.933333,1,0.013679,0
gpt,challenge_tag,contradiction,6,1.0,1.0,0,0.013945,0
gpt,challenge_tag,counseling_not_program,3,1.0,1.0,0,0.014642,0
gpt,challenge_tag,duration_ambiguity,3,1.0,1.0,0,0.015395,0
gpt,challenge_tag,duration_boundary,3,1.0,1.0,0,0.014311,0
gpt,challenge_tag,evidence_aggregation,3,0.666667,0.933333,1,0.016473,0
gpt,challenge_tag,incomplete_longitudinal,3,0.666667,0.933333,1,0.014201,0
gpt,challenge_tag,infer_duration_from_dates,3,1.0,1.0,0,0.014104,0
gpt,challenge_tag,irrelevant_context,3,1.0,1.0,0,0.015525,0
gpt,challenge_tag,just_below_bmi_27,3,1.0,1.0,0,0.015137,0
gpt,challenge_tag,later_evidence_reversal,3,1.0,1.0,0,0.014858,0
gpt,challenge_tag,long_context,3,1.0,1.0,0,0.018984,0
gpt,challenge_tag,longitudinal_bmi_conflict,3,0.333333,0.8,2,0.021425,0
gpt,challenge_tag,medication_reconciliation,12,0.916667,0.966667,1,0.014301,0
gpt,challenge_tag,missing_medication_evidence,3,1.0,1.0,0,0.013129,0
gpt,challenge_tag,missing_program,3,1.0,1.0,0,0.015113,0
gpt,challenge_tag,missing_response,3,1.0,1.0,0,0.014208,0
gpt,challenge_tag,missing_temporality,3,1.0,0.933333,0,0.015098,0
gpt,challenge_tag,multiple_conditions,3,1.0,1.0,0,0.014532,0
gpt,challenge_tag,near_bmi_30,3,1.0,0.933333,0,0.018263,0
gpt,challenge_tag,near_bmi_threshold,3,1.0,1.0,0,0.016749,0
gpt,challenge_tag,near_duration_threshold,3,1.0,1.0,0,0.014406,0
gpt,challenge_tag,negation,3,1.0,1.0,0,0.015631,0
gpt,challenge_tag,no_qualifying_comorbidity,3,1.0,0.866667,0,0.019829,0
gpt,challenge_tag,noncontinuous_duration,3,1.0,1.0,0,0.013573,0
gpt,challenge_tag,numeric_boundary,3,1.0,0.8,0,0.016675,0
gpt,challenge_tag,obvious_positive,3,1.0,1.0,0,0.015689,0
gpt,challenge_tag,partial_program,6,1.0,1.0,0,0.014749,0
gpt,challenge_tag,program_discontinuation,3,1.0,1.0,0,0.017782,0
gpt,challenge_tag,response_semantics,3,1.0,1.0,0,0.013976,0
gpt,challenge_tag,retrieval_stress,6,1.0,1.0,0,0.017255,0
gpt,challenge_tag,retrieval_trap,3,1.0,1.0,0,0.015631,0
gpt,challenge_tag,semantic_comorbidity,3,1.0,1.0,0,0.016282,0
gpt,challenge_tag,source_contradiction,3,0.666667,0.933333,1,0.015203,0
gpt,challenge_tag,stale_medication,3,0.666667,0.933333,1,0.017561,0
gpt,challenge_tag,strong_evidence,3,1.0,1.0,0,0.014909,0
gpt,challenge_tag,structured_data_omission,3,1.0,1.0,0,0.015308,0
gpt,challenge_tag,structured_narrative_conflict,3,1.0,0.8,0,0.016877,0
gpt,challenge_tag,temporality,6,0.833333,0.933333,1,0.014718,0
gpt,challenge_tag,unknown_not_negative,3,1.0,1.0,0,0.015035,0
gpt,challenge_tag,vague_temporality,3,1.0,0.933333,0,0.015242,0
gpt,difficulty,ambiguous,30,0.933333,0.96,2,0.015347,0
gpt,difficulty,easy_negative,15,1.0,0.96,0,0.016925,0
gpt,difficulty,easy_positive,30,1.0,1.0,0,0.015332,0
gpt,difficulty,hard,45,0.888889,0.955556,5,0.016001,0
gpt,difficulty,missing_evidence,30,0.966667,0.986667,1,0.014623,0
hybrid,challenge_tag,ambiguity,3,0.666667,0.866667,1,0.008921,2
hybrid,challenge_tag,basic_positive,6,1.0,1.0,0,0.005156,0
hybrid,challenge_tag,below_bmi_threshold,3,1.0,1.0,0,0.000251,0
hybrid,challenge_tag,bmi_alone,3,1.0,1.0,0,0.006754,0
hybrid,challenge_tag,bmi_failure,3,1.0,1.0,0,0.000257,0
hybrid,challenge_tag,bmi_plus_comorbidity,6,1.0,1.0,0,0.006537,0
hybrid,challenge_tag,condition_ambiguity,3,1.0,1.0,0,0.000279,0
hybrid,challenge_tag,condition_status,3,1.0,1.0,0,0.000253,0
hybrid,challenge_tag,continuity,3,1.0,1.0,0,0.003904,0
hybrid,challenge_tag,contradiction,6,1.0,1.0,0,0.005793,1
hybrid,challenge_tag,counseling_not_program,3,1.0,1.0,0,0.003708,1
hybrid,challenge_tag,duration_ambiguity,3,1.0,0.933333,0,0.011637,2
hybrid,challenge_tag,duration_boundary,3,1.0,1.0,0,0.004024,0
hybrid,challenge_tag,evidence_aggregation,3,0.666667,0.933333,1,0.009041,1
hybrid,challenge_tag,incomplete_longitudinal,3,1.0,1.0,0,0.001902,0
hybrid,challenge_tag,infer_duration_from_dates,3,1.0,1.0,0,0.005426,0
hybrid,challenge_tag,irrelevant_context,3,1.0,1.0,0,0.006168,0
hybrid,challenge_tag,just_below_bmi_27,3,1.0,1.0,0,0.000265,0
hybrid,challenge_tag,later_evidence_reversal,3,1.0,1.0,0,0.002228,0
hybrid,challenge_tag,long_context,3,1.0,1.0,0,0.01831,2
hybrid,challenge_tag,longitudinal_bmi_conflict,3,0.333333,0.866667,2,0.0182,3
hybrid,challenge_tag,medication_reconciliation,12,0.916667,0.966667,1,0.007205,4
hybrid,challenge_tag,missing_medication_evidence,3,1.0,1.0,0,0.003946,0
hybrid,challenge_tag,missing_program,3,1.0,1.0,0,0.001299,1
hybrid,challenge_tag,missing_response,3,1.0,1.0,0,0.005618,0
hybrid,challenge_tag,missing_temporality,3,1.0,1.0,0,0.007386,1
hybrid,challenge_tag,multiple_conditions,3,1.0,1.0,0,0.006683,0
hybrid,challenge_tag,near_bmi_30,3,1.0,1.0,0,0.000283,0
hybrid,challenge_tag,near_bmi_threshold,3,1.0,1.0,0,0.00632,0
hybrid,challenge_tag,near_duration_threshold,3,1.0,1.0,0,0.005961,0
hybrid,challenge_tag,negation,3,1.0,1.0,0,0.000237,0
hybrid,challenge_tag,no_qualifying_comorbidity,3,1.0,1.0,0,0.000268,0
hybrid,challenge_tag,noncontinuous_duration,3,1.0,1.0,0,0.007449,1
hybrid,challenge_tag,numeric_boundary,3,1.0,0.8,0,0.012731,3
hybrid,challenge_tag,obvious_positive,3,1.0,1.0,0,0.006056,0
hybrid,challenge_tag,partial_program,6,1.0,1.0,0,0.00761,3
hybrid,challenge_tag,program_discontinuation,3,1.0,1.0,0,0.006464,1
hybrid,challenge_tag,response_semantics,3,1.0,1.0,0,0.006379,0
hybrid,challenge_tag,retrieval_stress,6,1.0,1.0,0,0.012239,2
hybrid,challenge_tag,retrieval_trap,3,1.0,1.0,0,0.000237,0
hybrid,challenge_tag,semantic_comorbidity,3,1.0,1.0,0,0.00728,0
hybrid,challenge_tag,source_contradiction,3,0.666667,0.933333,1,0.01205,2
hybrid,challenge_tag,stale_medication,3,1.0,1.0,0,0.006471,0
hybrid,challenge_tag,strong_evidence,3,1.0,1.0,0,0.006468,0
hybrid,challenge_tag,structured_data_omission,3,1.0,1.0,0,0.006912,0
hybrid,challenge_tag,structured_narrative_conflict,3,1.0,0.933333,0,0.004007,1
hybrid,challenge_tag,temporality,6,0.833333,0.933333,1,0.008382,3
hybrid,challenge_tag,unknown_not_negative,3,1.0,1.0,0,0.003701,0
hybrid,challenge_tag,vague_temporality,3,1.0,0.933333,0,0.004795,1
hybrid,difficulty,ambiguous,30,0.966667,0.96,1,0.00655,7
hybrid,difficulty,easy_negative,15,1.0,1.0,0,0.000265,0
hybrid,difficulty,easy_positive,30,1.0,1.0,0,0.006163,0
hybrid,difficulty,hard,45,0.911111,0.973333,4,0.007377,14
hybrid,difficulty,missing_evidence,30,1.0,1.0,0,0.004969,6
