pipeline,stage,n,mean,median,p50,p90,p95,max
gpt,retrieval,150,44.969333,40.65,40.65,52.46,63.425,176.6
gpt,rules,150,0.0,0.0,0.0,0.0,0.0,0.0
gpt,jev,150,0.0,0.0,0.0,0.0,0.0,0.0
gpt,gpt,150,10646.581333,10545.1,10545.1,15107.53,16273.13,26890.7
gpt,narrative,150,0.0,0.0,0.0,0.0,0.0,0.0
gpt,decision,150,10691.550667,10582.3,10582.3,15145.48,16318.99,26924.8
gpt,total,150,10691.550667,10582.3,10582.3,15145.48,16318.99,26924.8
hybrid,retrieval,150,42.316,38.25,38.25,52.73,58.56,177.5
hybrid,rules,150,1.1654,0.71,0.71,2.694,3.229,5.5
hybrid,jev,150,161.894667,144.1,144.1,229.64,277.865,368.5
hybrid,gpt,150,1479.302667,0.0,0.0,6756.35,8424.975,18380.4
hybrid,narrative,150,3284.679333,4870.8,4870.8,6255.06,6724.22,9535.6
hybrid,decision,150,1684.678,198.15,198.15,6944.99,8655.555,18592.2
hybrid,total,150,4969.357333,5562.8,5562.8,8110.7,10307.425,23887.8
