pipeline,run_id,evaluation_id,patient_id,policy_id,criterion_id,ground_truth,prediction,pa_state_truth,pa_state_predicted,pa_state_wrong,changes_pa_state,engine,confidence,jev_prediction,jev_confidence,escalation_effect,failure_category,secondary_flags,difficulty,challenge_tags,retrieved_evidence_ids,cited_evidence_ids,truth_rationale,model_rationale,trace_prompt_sha256,trace_request_ids,trace_file
gpt,main_gpt,GLP1-013__BCBS_FEP_WEGOVY_2026_07_01,GLP1-013,BCBS_FEP_WEGOVY_2026_07_01,bmi_threshold,FAIL,INSUFFICIENT,NOT_READY,NOT_READY,False,False,gpt,0.88,,,,MISSING_NOT_NEGATIVE,,easy_negative,no_qualifying_comorbidity,,Observation/GLP1-013-BMI-2026-08-13;Condition/GLP1-013-LBP;DocumentReference/GLP1-013-PCP-001,Latest structured BMI 28.4 (2026-08-13). In 27–30 band; comorbidity: FAIL — No weight-related comorbidity.,"The latest structured BMI is 28.4, so a qualifying cardiovascular or weight-related comorbidity is required but is not documented. Low back pain is marked not weight-related in the structured record; the report that it flares when weight is up does not establish it as a qualifying comorbidity.",d62b951fbe657fad4caea7c558ea5a8d4874b8d1274a4173c2ff2a89429098ab,req_98d657b8c85a47ea81f70dce70e55f93,results/traces/main_gpt.jsonl
gpt,main_gpt,GLP1-013__UHC_WEGOVY_P1114_22_2026_09_01,GLP1-013,UHC_WEGOVY_P1114_22_2026_09_01,bmi_threshold,FAIL,INSUFFICIENT,NOT_READY,NOT_READY,False,False,gpt,0.88,,,,MISSING_NOT_NEGATIVE,,easy_negative,no_qualifying_comorbidity,,Observation/GLP1-013-BMI-2026-08-13;Condition/GLP1-013-OVERWT;Condition/GLP1-013-LBP;DocumentReference/GLP1-013-PCP-003,Latest structured BMI 28.4 (2026-08-13). In 27–30 band; comorbidity: FAIL — No weight-related comorbidity.,"The latest structured BMI is 28.4, so the BMI ≥30 pathway is not met. The BMI ≥27 pathway requires a weight-related comorbidity, but none is documented in the provided evidence.",97d79ab0a24cd99dc911979f1ad6f9be9dd4c824fd3ee12121a97cab21d01add,req_ae5d99fe5d55460180034a2b8e71d4f0,results/traces/main_gpt.jsonl
gpt,main_gpt,GLP1-014__BCBS_FEP_WEGOVY_2026_07_01,GLP1-014,BCBS_FEP_WEGOVY_2026_07_01,bmi_threshold,FAIL,INSUFFICIENT,NOT_READY,NOT_READY,False,False,gpt,0.96,,,,MISSING_NOT_NEGATIVE,MODEL_OVERCONFIDENCE,easy_negative,near_bmi_30,,Observation/GLP1-014-BMI-2026-08-13;DocumentReference/GLP1-014-PCP-003,Latest structured BMI 29.8 (2026-08-13). In 27–30 band; comorbidity: FAIL — No weight-related comorbidity.,"The latest structured BMI is 29.8, so the ≥30 pathway is not met. No established cardiovascular disease or qualifying weight-related comorbidity is documented to support the ≥27 pathway.",028c7aec1cb439ab8ebb4befe5fa56fb2032b4d7a19a30ce286c8c3e62f221ab,req_a406053e568d425e898ea237d23408de,results/traces/main_gpt.jsonl
gpt,main_gpt,GLP1-020__AETNA_WEGOVY_4774C_2026_08_20,GLP1-020,AETNA_WEGOVY_4774C_2026_08_20,adjunct_diet_and_activity,PASS,INSUFFICIENT,NOT_READY,NOT_READY,False,False,gpt,0.84,,,,TEMPORAL_REASONING,,missing_evidence,missing_temporality,DocumentReference/GLP1-020-DERM-001;DocumentReference/GLP1-020-MSG-002;DocumentReference/GLP1-020-ORTH-002;DocumentReference/GLP1-020-PCP-001,DocumentReference/GLP1-020-PCP-001,Follows program meal plan and exercise sessions.,The recent note documents exercise sessions and a plan to continue the lifestyle program with Wegovy. It says the patient follows a program meal plan but does not establish that the plan is reduced-calorie.,1a845ecd5063d84fd3967aa8e621372a34f151ccc0134887efd40e5c72ad4534,req_f32865c7e17741e49d5eeb4331314061,results/traces/main_gpt.jsonl
gpt,main_gpt,GLP1-021__BCBS_FEP_WEGOVY_2026_07_01,GLP1-021,BCBS_FEP_WEGOVY_2026_07_01,weight_management_program,PASS,INSUFFICIENT,READY,NOT_READY,True,True,gpt,0.85,,,,TEMPORAL_REASONING,,missing_evidence,incomplete_longitudinal,DocumentReference/GLP1-021-PCP-001,DocumentReference/GLP1-021-PCP-001,Enrolled in an employer weight-management program at the start visit (literal reading).,"The December plan says the patient is enrolling in an employer-sponsored program with monthly coaching, alongside diet and exercise goals. It does not confirm that enrollment occurred or that she participated.",edd94647aa3c4858fc5ae1d3e0830bd0dcc427503959b34150598b7dc16fbd26,req_c5f73935104e4c879001b64692b02f95,results/traces/main_gpt.jsonl
gpt,main_gpt,GLP1-027__AETNA_WEGOVY_4774C_2026_08_20,GLP1-027,AETNA_WEGOVY_4774C_2026_08_20,adjunct_diet_and_activity,PASS,INSUFFICIENT,NOT_READY,NOT_READY,False,False,gpt,0.96,,,,TEMPORAL_REASONING,MODEL_OVERCONFIDENCE,ambiguous,vague_temporality,DocumentReference/GLP1-027-APE-001;DocumentReference/GLP1-027-GI-001;DocumentReference/GLP1-027-LAB-001;DocumentReference/GLP1-027-PCP-001,DocumentReference/GLP1-027-PCP-001,Ongoing diet and exercise efforts documented at the request.,"The recent note documents past diet attempts and daily dog walks, but not a current or planned reduced-calorie diet and increased physical activity alongside Wegovy.",7d357ab33b5fd73a29a899d2df18f80aa1c2340fe4f4d86e2fb4c216b974eb38,req_083e3e388a844dab87fb009e39c66791,results/traces/main_gpt.jsonl
gpt,main_gpt,GLP1-030__AETNA_WEGOVY_4774C_2026_08_20,GLP1-030,AETNA_WEGOVY_4774C_2026_08_20,bmi_threshold,FAIL,INSUFFICIENT,NOT_READY,NOT_READY,False,False,gpt,0.96,,,,MISSING_NOT_NEGATIVE,MODEL_OVERCONFIDENCE,ambiguous,numeric_boundary,,Observation/GLP1-030-BMI-2026-08-05;Condition/GLP1-030-OVERWT,Latest structured BMI 29.95 (2026-08-05). In 27–30 band; comorbidity: FAIL — No weight-related comorbidity.,"The latest structured BMI is 29.95, below the standalone threshold of 30. The BMI ≥27 pathway requires a documented weight-related comorbidity, which the supplied evidence does not establish.",0d6d5a20772a6da6a36e395129148b366c6c7aad5f0f9e2de8cc879c9c11c091,req_52f8063155fa4c83b1d7e7003689a66c,results/traces/main_gpt.jsonl
gpt,main_gpt,GLP1-030__BCBS_FEP_WEGOVY_2026_07_01,GLP1-030,BCBS_FEP_WEGOVY_2026_07_01,bmi_threshold,FAIL,INSUFFICIENT,NOT_READY,NOT_READY,False,False,gpt,0.98,,,,MISSING_NOT_NEGATIVE,MODEL_OVERCONFIDENCE,ambiguous,numeric_boundary,,Observation/GLP1-030-BMI-2026-08-05;Condition/GLP1-030-ALLERGY;Condition/GLP1-030-ECZEMA;Condition/GLP1-030-MIGRAINE;Condition/GLP1-030-OVERWT;Condition/GLP1-030-VITD;DocumentReference/GLP1-030-PCP-003,Latest structured BMI 29.95 (2026-08-05). In 27–30 band; comorbidity: FAIL — No weight-related comorbidity.,"The latest structured BMI is 29.95, so a qualifying cardiovascular disease or weight-related comorbidity is required. None is documented in the supplied active conditions or notes.",e61393da00d73448e09324a4e6cd43bcc887368f7cdcd40caefa7344cef263e7,req_8db12ddac64a444a810f1730cccaf8d2,results/traces/main_gpt.jsonl
gpt,main_gpt,GLP1-030__UHC_WEGOVY_P1114_22_2026_09_01,GLP1-030,UHC_WEGOVY_P1114_22_2026_09_01,bmi_threshold,FAIL,INSUFFICIENT,NOT_READY,NOT_READY,False,False,gpt,0.91,,,,MISSING_NOT_NEGATIVE,MODEL_OVERCONFIDENCE,ambiguous,numeric_boundary,,Observation/GLP1-030-BMI-2026-08-05;DocumentReference/GLP1-030-PCP-003;Condition/GLP1-030-OVERWT,Latest structured BMI 29.95 (2026-08-05). In 27–30 band; comorbidity: FAIL — No weight-related comorbidity.,"The latest structured BMI is 29.95, below 30 but above 27. No qualifying weight-related comorbidity is documented to establish the BMI ≥27 pathway; absent documentation does not establish that none exists.",bb6291bddb0a02c475976d6423196f23542b07e261e96774f583e23b031ba17c,req_8e18c7b4dfa84a45816cf7f15a253173,results/traces/main_gpt.jsonl
gpt,main_gpt,GLP1-032__AETNA_WEGOVY_4774C_2026_08_20,GLP1-032,AETNA_WEGOVY_4774C_2026_08_20,program_6_months,PASS,INSUFFICIENT,READY,NOT_READY,True,True,gpt,0.98,,,,TEMPORAL_REASONING,MODEL_OVERCONFIDENCE,ambiguous,evidence_aggregation,DocumentReference/GLP1-032-MSG-001;DocumentReference/GLP1-032-NUTR-001;DocumentReference/GLP1-032-ORTH-001;DocumentReference/GLP1-032-PCP-001;DocumentReference/GLP1-032-PCP-002;DocumentReference/GLP1-032-TEL-003,DocumentReference/GLP1-032-PCP-001;DocumentReference/GLP1-032-NUTR-001;DocumentReference/GLP1-032-MSG-001;DocumentReference/GLP1-032-TEL-003;DocumentReference/GLP1-032-PCP-002,"Referral, dietitian plan, exercise update and RN follow-up across notes; duration computed. 2025-12-14 -> 2026-06-14 = 6 whole months (min 6).","The December referral does not establish participation; the first dietitian visit was January 2, and the last documented participation was June 14—less than six whole calendar months later. The August visit does not document continued program participation.",f7d49fdccd8622c93802b6816c0f283ab5311c46081c6c381b9afb2676baa2e1,req_9c8b45a529fd4afdaabf47699a0c0e93,results/traces/main_gpt.jsonl
gpt,main_gpt,GLP1-033__AETNA_WEGOVY_4774C_2026_08_20,GLP1-033,AETNA_WEGOVY_4774C_2026_08_20,program_6_months,CONFLICT,FAIL,REVIEW_REQUIRED,NOT_READY,True,True,gpt,0.98,,,,TEMPORAL_REASONING,MODEL_OVERCONFIDENCE,ambiguous,continuity,DocumentReference/GLP1-033-NUTR-001;DocumentReference/GLP1-033-PCP-001;DocumentReference/GLP1-033-PCP-002;DocumentReference/GLP1-033-TEL-001,DocumentReference/GLP1-033-PCP-001;DocumentReference/GLP1-033-TEL-001;DocumentReference/GLP1-033-NUTR-001;DocumentReference/GLP1-033-PCP-002,"Oct start, lapse Nov/Dec–Mar, restart Mar: ~7 months total but only ~5 continuous; whether an interrupted program meets 'at least 6 months' is genuinely ambiguous.","The patient stopped the meal and activity plans over the holidays and restarted on March 13, 2026. Through the last documented participation on August 17, the continuous period is fewer than six whole calendar months.",3448cde4b21d4a778c5f781895782dba249fd757ee9f0982c638d51ddac979cb,req_709155d08bcd49379a912b74bb90f6b6,results/traces/main_gpt.jsonl
gpt,main_gpt,GLP1-039__AETNA_WEGOVY_4774C_2026_08_20,GLP1-039,AETNA_WEGOVY_4774C_2026_08_20,program_6_months,PASS,CONFLICT,READY,REVIEW_REQUIRED,True,True,gpt,0.94,,,,SEMANTIC_INTERPRETATION,MODEL_OVERCONFIDENCE,hard,stale_medication,DocumentReference/GLP1-039-NUTR-001;DocumentReference/GLP1-039-NUTR-002;DocumentReference/GLP1-039-ORTH-001;DocumentReference/GLP1-039-PCP-001;DocumentReference/GLP1-039-PCP-003,DocumentReference/GLP1-039-PCP-001;DocumentReference/GLP1-039-NUTR-001;DocumentReference/GLP1-039-PCP-002;DocumentReference/GLP1-039-NUTR-002;DocumentReference/GLP1-039-PCP-003;MedicationStatement/GLP1-039-WEGOVY-2023,"Continuous program with diet, activity and follow-up; duration computed from dated events. 2025-11-09 -> 2026-08-09 = 9 whole months (min 6).","Notes document continuous diet, activity, and program follow-up from November 2025 through August 2026. However, an active Wegovy statement dating to 2024 conflicts with the August 2026 medication review reporting no other injections, leaving it unclear whether the program preceded drug therapy.",d4acb328aa30f54cca0c78ce0352d7c1b1a7f1fed7215093e7f1b387651d161a,req_ffbc3cf9741e4849bc2e8b0ea678df24,results/traces/main_gpt.jsonl
gpt,main_gpt,GLP1-040__AETNA_WEGOVY_4774C_2026_08_20,GLP1-040,AETNA_WEGOVY_4774C_2026_08_20,bmi_threshold,FAIL,INSUFFICIENT,NOT_READY,NOT_READY,False,False,gpt,0.96,,,,MISSING_NOT_NEGATIVE,MODEL_OVERCONFIDENCE,hard,structured_narrative_conflict,,Observation/GLP1-040-BMI-2026-08-11;Condition/GLP1-040-ALLERGY;Condition/GLP1-040-ANX;Condition/GLP1-040-MIGRAINE;Condition/GLP1-040-OVERWT,Latest structured BMI 29.7 (2026-08-11). In 27–30 band; comorbidity: FAIL — No weight-related comorbidity.,"The latest structured BMI is 29.7, below 30. The alternative BMI ≥27 pathway requires a documented weight-related comorbidity, which the supplied conditions do not establish.",08422d4bcf45a09b8744ea635e1c8755d6ed22670b3c2f5419b6693abebcf6e4,req_5cdd91c3e5414f609f0997589cd6c558,results/traces/main_gpt.jsonl
gpt,main_gpt,GLP1-040__BCBS_FEP_WEGOVY_2026_07_01,GLP1-040,BCBS_FEP_WEGOVY_2026_07_01,bmi_threshold,FAIL,INSUFFICIENT,NOT_READY,NOT_READY,False,False,gpt,0.93,,,,MISSING_NOT_NEGATIVE,MODEL_OVERCONFIDENCE,hard,structured_narrative_conflict,,Observation/GLP1-040-BMI-2026-08-11;Condition/GLP1-040-OVERWT;DocumentReference/GLP1-040-PCP-003,Latest structured BMI 29.7 (2026-08-11). In 27–30 band; comorbidity: FAIL — No weight-related comorbidity.,"The latest structured BMI is 29.7, so a qualifying cardiovascular or weight-related condition is required. None is documented in the provided active conditions or notes; the outside clinic's higher BMI does not replace the latest structured observation.",57696641c0324158996c5ec95e947e1c4c9d3e0b8f3ed8cd5459f9412a291b3d,req_a33030721ec541c6b97a40894107879a,results/traces/main_gpt.jsonl
gpt,main_gpt,GLP1-040__UHC_WEGOVY_P1114_22_2026_09_01,GLP1-040,UHC_WEGOVY_P1114_22_2026_09_01,bmi_threshold,FAIL,INSUFFICIENT,NOT_READY,NOT_READY,False,False,gpt,0.89,,,,MISSING_NOT_NEGATIVE,,hard,structured_narrative_conflict,,Observation/GLP1-040-BMI-2026-08-11;Condition/GLP1-040-OVERWT;DocumentReference/GLP1-040-PCP-003,Latest structured BMI 29.7 (2026-08-11). In 27–30 band; comorbidity: FAIL — No weight-related comorbidity.,"The latest structured BMI is 29.7, below 30 but above the alternative cutoff of 27. No qualifying weight-related comorbidity is documented to establish eligibility under that alternative.",733ea0df4a6f068fc174c3b96fd00606819fa492d2b1deef5fea019e2497b04d,req_a0e2ae3e6a4148f891d379005293fac9,results/traces/main_gpt.jsonl
gpt,main_gpt,GLP1-041__AETNA_WEGOVY_4774C_2026_08_20,GLP1-041,AETNA_WEGOVY_4774C_2026_08_20,bmi_threshold,FAIL,INSUFFICIENT,NOT_READY,NOT_READY,False,False,gpt,0.96,,,,MISSING_NOT_NEGATIVE,MODEL_OVERCONFIDENCE,hard,longitudinal_bmi_conflict,,Observation/GLP1-041-BMI-2026-08-19;DocumentReference/GLP1-041-PCP-003;DocumentReference/GLP1-041-LAB-003,Latest structured BMI 29.8 (2026-08-19). In 27–30 band; comorbidity: FAIL — No weight-related comorbidity.,"The latest structured BMI is 29.8, below 30. Approval under the BMI ≥27 pathway requires a documented weight-related comorbid condition, which the provided evidence does not establish.",6db6f4b849b7a620f69e60069ad50095ba94a0204098baeeed3b6ae07e51c790,req_9550f27082f84122bad013b3008ace17,results/traces/main_gpt.jsonl
gpt,main_gpt,GLP1-041__BCBS_FEP_WEGOVY_2026_07_01,GLP1-041,BCBS_FEP_WEGOVY_2026_07_01,bmi_threshold,FAIL,PASS,NOT_READY,READY,True,True,gpt,0.86,,,,CONTRADICTION,,hard,longitudinal_bmi_conflict,,Observation/GLP1-041-BMI-2026-08-19;Condition/GLP1-041-GERD;Condition/GLP1-041-LBP;DocumentReference/GLP1-041-PCP-001,Latest structured BMI 29.8 (2026-08-19). In 27–30 band; comorbidity: FAIL — No weight-related comorbidity.,"The latest structured BMI is 29.8. The clinician documented that the patient's active reflux and back pain worsened with weight gain, supporting a weight-related comorbid condition under the policy's non-exhaustive examples.",71173e8524f4fe125f66d1df13acd7c01421585cfec27262226bd85a5c01d75a,req_47ed91f2c5114e83bc046ed976283784,results/traces/main_gpt.jsonl
gpt,main_gpt,GLP1-041__UHC_WEGOVY_P1114_22_2026_09_01,GLP1-041,UHC_WEGOVY_P1114_22_2026_09_01,bmi_threshold,FAIL,CONFLICT,NOT_READY,REVIEW_REQUIRED,True,True,gpt,0.78,,,,CONTRADICTION,,hard,longitudinal_bmi_conflict,,Observation/GLP1-041-BMI-2026-08-19;Condition/GLP1-041-GERD;Condition/GLP1-041-LBP;DocumentReference/GLP1-041-PCP-001,Latest structured BMI 29.8 (2026-08-19). In 27–30 band; comorbidity: FAIL — No weight-related comorbidity.,"The latest structured BMI is 29.8, so a weight-related comorbidity is required. GERD and low back pain are marked not weight-related in structured data, but the PCP documents that both worsened with weight gain; whether either qualifies needs review.",8dca5a86ace476e0e3aa5d2fe8fdc4f05b1c14b12dc3c5f83bfa70d1eece6aaa,req_bf31724aa8ae4739b6f9c217417dba29,results/traces/main_gpt.jsonl
gpt,main_gpt,GLP1-042__AETNA_WEGOVY_4774C_2026_08_20,GLP1-042,AETNA_WEGOVY_4774C_2026_08_20,program_6_months,CONFLICT,FAIL,REVIEW_REQUIRED,NOT_READY,True,True,gpt,0.96,,,,CONTRADICTION,MODEL_OVERCONFIDENCE,hard,source_contradiction,DocumentReference/GLP1-042-NUTR-001;DocumentReference/GLP1-042-NUTR-002;DocumentReference/GLP1-042-PCP-001;DocumentReference/GLP1-042-PCP-002,DocumentReference/GLP1-042-PCP-001;DocumentReference/GLP1-042-NUTR-001;DocumentReference/GLP1-042-NUTR-002;DocumentReference/GLP1-042-PCP-002,PCP states 8 months of dedicated efforts; dietitian intake (May) states no prior structured plan — contradictory sources.,"The May 20 initial nutrition consult explicitly states this was the patient's first formal counseling and that he had no prior structured diet or exercise plan. Although the August note describes eight months of personal efforts, documented structured counseling and follow-up began less than six months before the request.",92166698b13afff5ec510fd7f29035eda203f565f075377447d71540694dd7cf,req_94a9a694d2eb4d95abf94d75a37b5e16,results/traces/main_gpt.jsonl
gpt,main_gpt,GLP1-050__AETNA_WEGOVY_4774C_2026_08_20,GLP1-050,AETNA_WEGOVY_4774C_2026_08_20,adjunct_diet_and_activity,CONFLICT,INSUFFICIENT,NOT_READY,NOT_READY,False,False,gpt,0.95,,,,TEMPORAL_REASONING,MODEL_OVERCONFIDENCE,hard,ambiguity;medication_reconciliation;temporality,DocumentReference/GLP1-050-ORTH-001;DocumentReference/GLP1-050-PCP-001;DocumentReference/GLP1-050-PCP-002;DocumentReference/GLP1-050-PT-001,DocumentReference/GLP1-050-PCP-001;DocumentReference/GLP1-050-PCP-002,Too vague to confirm a reduced-calorie diet and increased activity.,"The recent notes describe trying to eat better and be more active, food choices, and some walking. They do not establish a reduced-calorie diet and increased physical activity to be continued alongside Wegovy.",ffe0d4924b35a2ae412a905a808287dbce41cc4969b084b2ef4d8b2549340325,req_084cb5442dc949b9bca1f86bb46e27ab,results/traces/main_gpt.jsonl
gpt,main_gpt,GLP1-050__UHC_WEGOVY_P1114_22_2026_09_01,GLP1-050,UHC_WEGOVY_P1114_22_2026_09_01,lifestyle_adjunct,CONFLICT,PASS,REVIEW_REQUIRED,READY,True,True,gpt,0.94,,,,TEMPORAL_REASONING,MODEL_OVERCONFIDENCE,hard,ambiguity;medication_reconciliation;temporality,DocumentReference/GLP1-050-ORTH-001;DocumentReference/GLP1-050-PCP-001;DocumentReference/GLP1-050-PCP-002;DocumentReference/GLP1-050-PT-001,DocumentReference/GLP1-050-PCP-002,"'Trying to eat better', 'doing what he can', 'some walking' — too vague to confirm or rule out lifestyle modification.","The August 7 note, within 180 days of the request, documents ongoing attention to food choices and some walking. Either ongoing modality satisfies the policy.",79f8f4bb4e2f6eb84e2a54b4f781c1b5cb065c0c7032523b26836788a5d2a65a,req_962f0c93f8b544ed805604b21597703f,results/traces/main_gpt.jsonl
hybrid,main_hybrid_t0.90,GLP1-026__AETNA_WEGOVY_4774C_2026_08_20,GLP1-026,AETNA_WEGOVY_4774C_2026_08_20,adjunct_diet_and_activity,PASS,INSUFFICIENT,NOT_READY,NOT_READY,False,False,gpt_escalation,0.82,PASS,0.32,escalation_broke,TEMPORAL_REASONING,,ambiguous,duration_ambiguity,DocumentReference/GLP1-026-DERM-001;DocumentReference/GLP1-026-ORTH-001;DocumentReference/GLP1-026-PCP-001;DocumentReference/GLP1-026-PCP-002,DocumentReference/GLP1-026-PCP-002,Diet changes and walking documented at the request.,The recent note documents walking most evenings and a plan to continue diet and walking with Wegovy. It describes cutting back on fast food but does not establish that the diet is reduced-calorie.,8af0795d40c344c965582e3fb6245d37bd26b3308d4549ae66d5124502c705b1;c85de08a3b5049c5328311b31d6fec54f87a7dd5345312825dcf9d1dce421eb3,None;req_3df227cf74bc49e4b59448941579cdcb,results/traces/main_hybrid_t0.90.jsonl
hybrid,main_hybrid_t0.90,GLP1-027__AETNA_WEGOVY_4774C_2026_08_20,GLP1-027,AETNA_WEGOVY_4774C_2026_08_20,adjunct_diet_and_activity,PASS,INSUFFICIENT,NOT_READY,NOT_READY,False,False,jev,0.92,INSUFFICIENT,0.92,,TEMPORAL_REASONING,MODEL_OVERCONFIDENCE,ambiguous,vague_temporality,DocumentReference/GLP1-027-APE-001;DocumentReference/GLP1-027-GI-001;DocumentReference/GLP1-027-LAB-001;DocumentReference/GLP1-027-PCP-001,DocumentReference/GLP1-027-APE-001;DocumentReference/GLP1-027-GI-001;DocumentReference/GLP1-027-LAB-001;DocumentReference/GLP1-027-PCP-001,Ongoing diet and exercise efforts documented at the request.,,10545e3a2c0522b146c2c2860af6dfe5ff8f74d6b76b6a985cdb658dfd56b1e5,None,results/traces/main_hybrid_t0.90.jsonl
hybrid,main_hybrid_t0.90,GLP1-030__AETNA_WEGOVY_4774C_2026_08_20,GLP1-030,AETNA_WEGOVY_4774C_2026_08_20,bmi_threshold,FAIL,INSUFFICIENT,NOT_READY,NOT_READY,False,False,gpt_escalation,0.96,FAIL,0.61,escalation_broke,MISSING_NOT_NEGATIVE,MODEL_OVERCONFIDENCE,ambiguous,numeric_boundary,,Observation/GLP1-030-BMI-2026-08-05;DocumentReference/GLP1-030-PCP-003,Latest structured BMI 29.95 (2026-08-05). In 27–30 band; comorbidity: FAIL — No weight-related comorbidity.,"The latest structured BMI is 29.95, below 30 but at least 27. No weight-related comorbid condition is documented to establish eligibility under the BMI ≥27 pathway.",6b9739563763b3491c92bc5fd04bdccc7c160a00146f825b1fa2436312fef7b2;89f6713c0a10bce068f99c40a88136dbdc8eb6a872d7a46ad88209d098589547,None;req_14c1935f21214063a20a72fd10060759,results/traces/main_hybrid_t0.90.jsonl
hybrid,main_hybrid_t0.90,GLP1-030__BCBS_FEP_WEGOVY_2026_07_01,GLP1-030,BCBS_FEP_WEGOVY_2026_07_01,bmi_threshold,FAIL,INSUFFICIENT,NOT_READY,NOT_READY,False,False,gpt_escalation,0.97,FAIL,0.69,escalation_broke,MISSING_NOT_NEGATIVE,MODEL_OVERCONFIDENCE,ambiguous,numeric_boundary,,Observation/GLP1-030-BMI-2026-08-05;DocumentReference/GLP1-030-PCP-003;Condition/GLP1-030-OVERWT,Latest structured BMI 29.95 (2026-08-05). In 27–30 band; comorbidity: FAIL — No weight-related comorbidity.,"The latest structured BMI is 29.95, below the standalone threshold of 30. At this BMI, qualifying cardiovascular disease or a weight-related comorbid condition is required, but neither is documented in the provided evidence.",4e316e998750040dc757fd2dd8b29e585de8c8db53539dba415863477c6a734f;ffa9b4de2ee8ad344a5fa2f4b40e470779f0b28d964dedba2f75e6d4e09d7137,None;req_03d9776c18fb4fe7964798f9e0db54a2,results/traces/main_hybrid_t0.90.jsonl
hybrid,main_hybrid_t0.90,GLP1-030__UHC_WEGOVY_P1114_22_2026_09_01,GLP1-030,UHC_WEGOVY_P1114_22_2026_09_01,bmi_threshold,FAIL,INSUFFICIENT,NOT_READY,NOT_READY,False,False,gpt_escalation,0.96,FAIL,0.63,escalation_broke,MISSING_NOT_NEGATIVE,MODEL_OVERCONFIDENCE,ambiguous,numeric_boundary,,Observation/GLP1-030-BMI-2026-08-05;DocumentReference/GLP1-030-PCP-003;Condition/GLP1-030-OVERWT,Latest structured BMI 29.95 (2026-08-05). In 27–30 band; comorbidity: FAIL — No weight-related comorbidity.,"The latest structured BMI is 29.95, below the BMI ≥30 pathway. It qualifies for the BMI ≥27 pathway only with a documented weight-related comorbidity, which the provided evidence does not establish.",1d112359e5c17062789245d8998be1a6fb33be5fa79d3a618708265a7c15fbe5;26e4f8bc553e717ea615070468ee06dd82e139f2f22350ffb65ab5e41c44ad40,None;req_4fc5fbc87f8649f6ba2324383d979b34,results/traces/main_hybrid_t0.90.jsonl
hybrid,main_hybrid_t0.90,GLP1-032__AETNA_WEGOVY_4774C_2026_08_20,GLP1-032,AETNA_WEGOVY_4774C_2026_08_20,program_6_months,PASS,INSUFFICIENT,READY,NOT_READY,True,True,gpt_escalation,0.91,PASS,0.7,escalation_broke,TEMPORAL_REASONING,MODEL_OVERCONFIDENCE,ambiguous,evidence_aggregation,DocumentReference/GLP1-032-MSG-001;DocumentReference/GLP1-032-NUTR-001;DocumentReference/GLP1-032-ORTH-001;DocumentReference/GLP1-032-PCP-001;DocumentReference/GLP1-032-PCP-002;DocumentReference/GLP1-032-TEL-003,DocumentReference/GLP1-032-PCP-001;DocumentReference/GLP1-032-NUTR-001;DocumentReference/GLP1-032-MSG-001;DocumentReference/GLP1-032-TEL-003;DocumentReference/GLP1-032-PCP-002,"Referral, dietitian plan, exercise update and RN follow-up across notes; duration computed. 2025-12-14 -> 2026-06-14 = 6 whole months (min 6).","The December note documents a referral, not program participation. Documented participation runs from the January 2 dietitian visit through the June 14 check-in—less than six whole calendar months; the August weight follow-up does not document continued participation in the diet-and-activity program.",955f382a4f0b8c16b6726eb043349bf926f400dd1bc750da53e01c5f6e8fb0f4;e73494db8bfa022949ab5ca49e98be989649c15e1337029eaae26ce7d6ad59a3,None;req_30ee4c58b6d84df187afcf50f3784db4,results/traces/main_hybrid_t0.90.jsonl
hybrid,main_hybrid_t0.90,GLP1-040__AETNA_WEGOVY_4774C_2026_08_20,GLP1-040,AETNA_WEGOVY_4774C_2026_08_20,bmi_threshold,FAIL,INSUFFICIENT,NOT_READY,NOT_READY,False,False,gpt_escalation,0.97,FAIL,0.89,escalation_broke,MISSING_NOT_NEGATIVE,MODEL_OVERCONFIDENCE,hard,structured_narrative_conflict,,Observation/GLP1-040-BMI-2026-08-11;Condition/GLP1-040-OVERWT;DocumentReference/GLP1-040-PCP-003,Latest structured BMI 29.7 (2026-08-11). In 27–30 band; comorbidity: FAIL — No weight-related comorbidity.,"The latest structured BMI is 29.7, below the 30 threshold but above the alternative 27 threshold. No qualifying weight-related comorbid condition is documented, so the alternative pathway cannot be established.",73a43c27d4bc394698a4607095ca3e218937e15b7b4c82ebf7e666fe0ad3f01a;ebdfd6a2e584e41c44ff41a08dd155c4b5c01d86fcc52f65bd3b6f8af0dbb325,None;req_13761678c26a4238992d635a2b0d7737,results/traces/main_hybrid_t0.90.jsonl
hybrid,main_hybrid_t0.90,GLP1-041__BCBS_FEP_WEGOVY_2026_07_01,GLP1-041,BCBS_FEP_WEGOVY_2026_07_01,bmi_threshold,FAIL,PASS,NOT_READY,READY,True,True,gpt_escalation,0.9,FAIL,0.89,escalation_broke,CONTRADICTION,MODEL_OVERCONFIDENCE,hard,longitudinal_bmi_conflict,,Observation/GLP1-041-BMI-2026-08-19;Condition/GLP1-041-GERD;DocumentReference/GLP1-041-PCP-001,Latest structured BMI 29.8 (2026-08-19). In 27–30 band; comorbidity: FAIL — No weight-related comorbidity.,"The latest structured BMI is 29.8, meeting the ≥27 threshold. GERD is active, and the clinical note documents that reflux worsens with weight gain, supporting a weight-related comorbid condition under the policy’s non-exhaustive examples.",9cf546a936662a0d7ca86fe60c647430990614e860ae506ca949d76ce41f3848;8771465c2b64d2c73b83a84f563cfe9788bd08e9aa42d7ae16b73ef8866bd190,None;req_dfa384d6d9754a17a894336270ce92a2,results/traces/main_hybrid_t0.90.jsonl
hybrid,main_hybrid_t0.90,GLP1-041__UHC_WEGOVY_P1114_22_2026_09_01,GLP1-041,UHC_WEGOVY_P1114_22_2026_09_01,bmi_threshold,FAIL,CONFLICT,NOT_READY,REVIEW_REQUIRED,True,True,gpt_escalation,0.82,FAIL,0.88,escalation_broke,CONTRADICTION,,hard,longitudinal_bmi_conflict,,Observation/GLP1-041-BMI-2026-08-19;Condition/GLP1-041-GERD;Condition/GLP1-041-LBP;DocumentReference/GLP1-041-PCP-001,Latest structured BMI 29.8 (2026-08-19). In 27–30 band; comorbidity: FAIL — No weight-related comorbidity.,"The latest structured BMI is 29.8, so approval requires a weight-related comorbidity. The note says reflux and back pain worsened with weight gain, but both conditions are marked not weight-related in the structured record; their qualification cannot be resolved safely.",c44a5c544c62cc9a45c21cdffe40c1dbc352dfd784dab9467267beb0549379e2;c9bc4cda36c9414d7c5bdc4437048f53369f3a736b2ae6dea1b4f86200982e8d,None;req_f4245c469166497686de54c894d0cdab,results/traces/main_hybrid_t0.90.jsonl
hybrid,main_hybrid_t0.90,GLP1-042__AETNA_WEGOVY_4774C_2026_08_20,GLP1-042,AETNA_WEGOVY_4774C_2026_08_20,program_6_months,CONFLICT,FAIL,REVIEW_REQUIRED,NOT_READY,True,True,gpt_escalation,0.95,CONFLICT,0.84,escalation_broke,CONTRADICTION,MODEL_OVERCONFIDENCE,hard,source_contradiction,DocumentReference/GLP1-042-NUTR-001;DocumentReference/GLP1-042-NUTR-002;DocumentReference/GLP1-042-PCP-001;DocumentReference/GLP1-042-PCP-002,DocumentReference/GLP1-042-PCP-001;DocumentReference/GLP1-042-NUTR-001;DocumentReference/GLP1-042-NUTR-002;DocumentReference/GLP1-042-PCP-002,PCP states 8 months of dedicated efforts; dietitian intake (May) states no prior structured plan — contradictory sources.,"The May 20 nutrition consult identifies itself as the first formal counseling and documents no prior structured diet or exercise plan; documented program follow-up extends only through August 10, less than six whole calendar months. The August report of eight months of diet and exercise efforts does not establish six months in a comprehensive program with continuing follow-up.",3923aeabd417a828dd9d9607100b532c45de4155aaafc6244f5364e73446bcd9;942816208d571e08990ae529eba99f9b32aac35167c63430c67eac45578ecc8c,None;req_12e9bff41f6f42448872f36f526c8e70,results/traces/main_hybrid_t0.90.jsonl
hybrid,main_hybrid_t0.90,GLP1-050__AETNA_WEGOVY_4774C_2026_08_20,GLP1-050,AETNA_WEGOVY_4774C_2026_08_20,adjunct_diet_and_activity,CONFLICT,INSUFFICIENT,NOT_READY,NOT_READY,False,False,gpt_escalation,0.96,INSUFFICIENT,0.88,both_wrong,TEMPORAL_REASONING,MODEL_OVERCONFIDENCE,hard,ambiguity;medication_reconciliation;temporality,DocumentReference/GLP1-050-ORTH-001;DocumentReference/GLP1-050-PCP-001;DocumentReference/GLP1-050-PCP-002;DocumentReference/GLP1-050-PT-001,DocumentReference/GLP1-050-PCP-001;DocumentReference/GLP1-050-PCP-002,Too vague to confirm a reduced-calorie diet and increased activity.,"Recent notes describe trying to eat better, making food choices, and some walking, but do not document a reduced-calorie diet AND increased physical activity to be continued alongside Wegovy.",f8331509dacbe0ed3573bc9208e104e78c67b65f38271e9a57bc5212cf0ef67d;f6ffebe3b12050a111b242bbf05f2bf68da5776fe88186559403875654cb2b52,None;req_cedfb0dd2c1e4df5a26a6b41d6627396,results/traces/main_hybrid_t0.90.jsonl
hybrid,main_hybrid_t0.90,GLP1-050__UHC_WEGOVY_P1114_22_2026_09_01,GLP1-050,UHC_WEGOVY_P1114_22_2026_09_01,lifestyle_adjunct,CONFLICT,PASS,REVIEW_REQUIRED,READY,True,True,gpt_escalation,0.97,INSUFFICIENT,0.7,both_wrong,TEMPORAL_REASONING,MODEL_OVERCONFIDENCE,hard,ambiguity;medication_reconciliation;temporality,DocumentReference/GLP1-050-ORTH-001;DocumentReference/GLP1-050-PCP-001;DocumentReference/GLP1-050-PCP-002;DocumentReference/GLP1-050-PT-001,DocumentReference/GLP1-050-PCP-002;DocumentReference/GLP1-050-PCP-001,"'Trying to eat better', 'doing what he can', 'some walking' — too vague to confirm or rule out lifestyle modification.","Within 180 days of the request, the patient reported working on food choices and doing some walking. These ongoing diet and exercise efforts satisfy the adjunct lifestyle requirement.",893442755500fb8a2d58d0391d46f52529d23aaec7a7d318f49a86d52f88919e;cc986acadd9ed9105ef3e80cf927ba076e6a69620de6b57846f86fcc9bb87d80,None;req_6ede115f6fe243749eb21f74a61d8a70,results/traces/main_hybrid_t0.90.jsonl
